"sta_seq","collect_date","chemparameter","value_field","value_duplicate","FLAG: value_field < mdl BEFORE conversion","FLAG: value_duplicate < mdl BEFORE conversion","field_precision_rate","Percent_Diff","mdl","FLAG: value_field < mdl","FLAG: Percent_Diff > RPD"
14221,2011-06-30,"Ammonia",0.025,0.043,FALSE,FALSE,"30 %","52.9411764705882 %",0.003,FALSE,TRUE
14444,2011-07-13,"Ammonia",0.029,0.024,FALSE,FALSE,"30 %","18.8679245283019 %",0.003,FALSE,FALSE
14445,2011-07-13,"Ammonia",0.029,0.024,FALSE,FALSE,"30 %","18.8679245283019 %",0.003,FALSE,FALSE
16387,2011-07-19,"Ammonia",0.014,0.017,FALSE,FALSE,"30 %","19.3548387096774 %",0.003,FALSE,FALSE
15571,2011-07-28,"Ammonia",0.01,0.009,FALSE,FALSE,"30 %","10.5263157894737 %",0.003,FALSE,FALSE
14711,2011-07-29,"Ammonia",0.069,0.075,FALSE,FALSE,"30 %","8.33333333333332 %",0.003,FALSE,FALSE
16110,2011-07-29,"Ammonia",0.021,0.009,FALSE,FALSE,"30 %","80 %",0.003,FALSE,TRUE
14206,2011-08-26,"Ammonia",0.022,0.024,FALSE,FALSE,"30 %","8.69565217391305 %",0.003,FALSE,FALSE
16119,2011-10-12,"Ammonia",0.007,0.01,FALSE,FALSE,"30 %","35.2941176470588 %",0.003,FALSE,TRUE
14226,2011-10-17,"Ammonia",0.026,0.038,FALSE,FALSE,"30 %","37.5 %",0.003,FALSE,TRUE
16325,2011-10-17,"Ammonia",0.016,0.019,FALSE,FALSE,"30 %","17.1428571428571 %",0.003,FALSE,FALSE
15087,2011-10-18,"Ammonia",0.016,0.006,FALSE,FALSE,"30 %","90.9090909090909 %",0.003,FALSE,TRUE
14247,2011-10-21,"Ammonia",0.006,0.009,FALSE,FALSE,"30 %","40 %",0.003,FALSE,TRUE
14316,2011-10-26,"Ammonia",0.03,0.023,FALSE,FALSE,"30 %","26.4150943396226 %",0.003,FALSE,FALSE
14612,2011-11-07,"Ammonia",0.009,0.009,FALSE,FALSE,"30 %","0 %",0.003,FALSE,FALSE
15240,2011-11-10,"Ammonia",0.012,0.016,FALSE,FALSE,"30 %","28.5714285714286 %",0.003,FALSE,FALSE
15516,2011-11-10,"Ammonia",0.015,0.009,FALSE,FALSE,"30 %","50 %",0.003,FALSE,TRUE
14317,2011-11-14,"Ammonia",0.045,0.019,FALSE,FALSE,"30 %","81.25 %",0.003,FALSE,TRUE
14792,2011-11-14,"Ammonia",0.015,0.015,FALSE,FALSE,"30 %","0 %",0.003,FALSE,FALSE
17747,2011-11-14,"Ammonia",0.045,0.019,FALSE,FALSE,"30 %","81.25 %",0.003,FALSE,TRUE
15556,2011-11-15,"Ammonia",0.018,0.017,FALSE,FALSE,"30 %","5.7142857142857 %",0.003,FALSE,FALSE
14740,2011-11-16,"Ammonia",0.063,0.008,FALSE,FALSE,"30 %","154.929577464789 %",0.003,FALSE,TRUE
14436,2012-06-12,"Ammonia",0.022,0.022,FALSE,FALSE,"30 %","0 %",0.003,FALSE,FALSE
18215,2012-06-21,"Ammonia",0.033,0.03,FALSE,FALSE,"30 %","9.52380952380953 %",0.003,FALSE,FALSE
16122,2012-06-22,"Ammonia",0.007,0.007,FALSE,FALSE,"30 %","0 %",0.003,FALSE,FALSE
14263,2012-06-29,"Ammonia",0.014,0.014,FALSE,FALSE,"30 %","0 %",0.003,FALSE,FALSE
15703,2012-07-02,"Ammonia",0.018,0.009,FALSE,FALSE,"30 %","66.6666666666667 %",0.003,FALSE,TRUE
18159,2012-07-03,"Ammonia",0.02,0.02,FALSE,FALSE,"30 %","0 %",0.003,FALSE,FALSE
14288,2012-07-05,"Ammonia",0.031,0.03,FALSE,FALSE,"30 %","3.27868852459017 %",0.003,FALSE,FALSE
14396,2012-07-12,"Ammonia",0.016,0.03,FALSE,FALSE,"30 %","60.8695652173913 %",0.003,FALSE,TRUE
14578,2012-07-16,"Ammonia",0.025,0.044,FALSE,FALSE,"30 %","55.0724637681159 %",0.003,FALSE,TRUE
16121,2012-09-19,"Ammonia",0.008,0.013,FALSE,FALSE,"30 %","47.6190476190476 %",0.003,FALSE,TRUE
17568,2012-09-19,"Ammonia",0.016,0.01,FALSE,FALSE,"30 %","46.1538461538462 %",0.003,FALSE,TRUE
14396,2012-09-21,"Ammonia",0.009,0.011,FALSE,FALSE,"30 %","20 %",0.003,FALSE,FALSE
16304,2012-09-24,"Ammonia",0.059,0.099,FALSE,FALSE,"30 %","50.6329113924051 %",0.003,FALSE,TRUE
14444,2012-10-01,"Ammonia",0.003,0.003,FALSE,TRUE,"30 %","0 %",0.003,FALSE,FALSE
15530,2012-10-02,"Ammonia",0.003,0.014,TRUE,FALSE,"30 %","129.411764705882 %",0.003,FALSE,TRUE
14442,2012-10-03,"Ammonia",0.003,0.003,TRUE,TRUE,"30 %","0 %",0.003,FALSE,FALSE
14377,2012-10-09,"Ammonia",0.025,0.013,FALSE,FALSE,"30 %","63.1578947368421 %",0.003,FALSE,TRUE
15020,2012-10-15,"Ammonia",0.003,0.003,TRUE,TRUE,"30 %","0 %",0.003,FALSE,FALSE
14997,2012-10-16,"Ammonia",0.01,0.039,FALSE,FALSE,"30 %","118.367346938776 %",0.003,FALSE,TRUE
14147,2012-10-17,"Ammonia",0.027,0.046,FALSE,FALSE,"30 %","52.0547945205479 %",0.003,FALSE,TRUE
14601,2012-10-23,"Ammonia",0.054,0.033,FALSE,FALSE,"30 %","48.2758620689655 %",0.003,FALSE,TRUE
14441,2013-05-15,"Ammonia",0.013,0.006,FALSE,FALSE,"30 %","73.6842105263158 %",0.003,FALSE,TRUE
14473,2013-06-04,"Ammonia",0.033,0.023,FALSE,FALSE,"30 %","35.7142857142857 %",0.003,FALSE,TRUE
14720,2013-07-03,"Ammonia",0.013,0.014,FALSE,FALSE,"30 %","7.40740740740741 %",0.003,FALSE,FALSE
14441,2013-07-08,"Ammonia",0.118,0.115,FALSE,FALSE,"30 %","2.57510729613733 %",0.003,FALSE,FALSE
14319,2013-09-16,"Ammonia",0.139,0.138,FALSE,FALSE,"30 %","0.72202166064982 %",0.003,FALSE,FALSE
16076,2013-09-18,"Ammonia",0.005,0.006,FALSE,FALSE,"30 %","18.1818181818182 %",0.003,FALSE,FALSE
14441,2013-09-19,"Ammonia",0.003,0.003,TRUE,FALSE,"30 %","0 %",0.003,FALSE,FALSE
15994,2013-09-26,"Ammonia",0.005,0.003,FALSE,TRUE,"30 %","50 %",0.003,FALSE,TRUE
14298,2013-10-02,"Ammonia",0.003,0.004,TRUE,FALSE,"30 %","28.5714285714286 %",0.003,FALSE,FALSE
14293,2013-10-03,"Ammonia",0.003,0.003,FALSE,FALSE,"30 %","0 %",0.003,FALSE,FALSE
14363,2013-10-07,"Ammonia",0.016,0.017,FALSE,FALSE,"30 %","6.06060606060607 %",0.003,FALSE,FALSE
15375,2013-10-09,"Ammonia",0.005,0.007,FALSE,FALSE,"30 %","33.3333333333333 %",0.003,FALSE,TRUE
16137,2013-10-15,"Ammonia",0.012,0.01,FALSE,FALSE,"30 %","18.1818181818182 %",0.003,FALSE,FALSE
16370,2013-10-15,"Ammonia",0.012,0.013,FALSE,FALSE,"30 %","7.99999999999999 %",0.003,FALSE,FALSE
16044,2013-10-16,"Ammonia",0.005,0.009,FALSE,FALSE,"30 %","57.1428571428571 %",0.003,FALSE,TRUE
16885,2014-06-10,"Ammonia",0.038,0.027,FALSE,FALSE,"30 %","33.8461538461538 %",0.003,FALSE,TRUE
14199,2014-06-12,"Ammonia",0.022,0.019,FALSE,FALSE,"30 %","14.6341463414634 %",0.003,FALSE,FALSE
14410,2014-06-17,"Ammonia",0.023,0.023,FALSE,FALSE,"30 %","0 %",0.003,FALSE,FALSE
14442,2014-06-18,"Ammonia",0.008,0.008,FALSE,FALSE,"30 %","0 %",0.003,FALSE,FALSE
15319,2014-06-25,"Ammonia",0.019,0.02,FALSE,FALSE,"30 %","5.12820512820513 %",0.003,FALSE,FALSE
14589,2014-07-11,"Ammonia",0.009,0.009,FALSE,FALSE,"30 %","0 %",0.003,FALSE,FALSE
14724,2014-07-16,"Ammonia",0.007,0.004,FALSE,FALSE,"30 %","54.5454545454546 %",0.003,FALSE,TRUE
15179,2014-07-17,"Ammonia",0.008,0.009,FALSE,FALSE,"30 %","11.7647058823529 %",0.003,FALSE,FALSE
14602,2014-07-18,"Ammonia",0.007,0.013,FALSE,FALSE,"30 %","60 %",0.003,FALSE,TRUE
14599,2014-08-01,"Ammonia",0.005,0.004,FALSE,FALSE,"30 %","22.2222222222222 %",0.003,FALSE,FALSE
16734,2014-08-08,"Ammonia",0.009,0.01,FALSE,FALSE,"30 %","10.5263157894737 %",0.003,FALSE,FALSE
16212,2014-08-14,"Ammonia",0.022,0.017,FALSE,FALSE,"30 %","25.6410256410256 %",0.003,FALSE,FALSE
18753,2014-08-21,"Ammonia",0.022,0.008,FALSE,FALSE,"30 %","93.3333333333333 %",0.003,FALSE,TRUE
18755,2014-08-21,"Ammonia",0.011,0.011,FALSE,FALSE,"30 %","0 %",0.003,FALSE,FALSE
17852,2014-08-27,"Ammonia",0.026,0.027,FALSE,FALSE,"30 %","3.77358490566038 %",0.003,FALSE,FALSE
14582,2014-09-15,"Ammonia",0.015,0.016,FALSE,FALSE,"30 %","6.45161290322581 %",0.003,FALSE,FALSE
14451,2014-09-18,"Ammonia",0.006,0.007,FALSE,FALSE,"30 %","15.3846153846154 %",0.003,FALSE,FALSE
14341,2014-09-23,"Ammonia",0.012,0.007,FALSE,FALSE,"30 %","52.6315789473684 %",0.003,FALSE,TRUE
14825,2014-09-23,"Ammonia",0.024,0.015,FALSE,FALSE,"30 %","46.1538461538462 %",0.003,FALSE,TRUE
16370,2014-09-23,"Ammonia",0.003,0.003,TRUE,TRUE,"30 %","0 %",0.003,FALSE,FALSE
16112,2014-10-02,"Ammonia",0.006,0.004,FALSE,FALSE,"30 %","40 %",0.003,FALSE,TRUE
14581,2014-10-07,"Ammonia",0.009,0.012,FALSE,FALSE,"30 %","28.5714285714286 %",0.003,FALSE,FALSE
15008,2014-10-07,"Ammonia",0.003,0.003,TRUE,TRUE,"30 %","0 %",0.003,FALSE,FALSE
15720,2014-10-07,"Ammonia",0.005,0.005,FALSE,FALSE,"30 %","0 %",0.003,FALSE,FALSE
14738,2014-10-09,"Ammonia",0.007,0.004,FALSE,FALSE,"30 %","54.5454545454546 %",0.003,FALSE,TRUE
14879,2014-10-09,"Ammonia",0.003,0.014,TRUE,FALSE,"30 %","129.411764705882 %",0.003,FALSE,TRUE
15567,2014-10-09,"Ammonia",0.003,0.003,TRUE,TRUE,"30 %","0 %",0.003,FALSE,FALSE
14599,2014-10-10,"Ammonia",0.003,0.012,FALSE,FALSE,"30 %","120 %",0.003,FALSE,TRUE
15796,2015-06-03,"Ammonia",0.007,0.015,FALSE,FALSE,"30 %","72.7272727272727 %",0.003,FALSE,TRUE
14404,2015-06-08,"Ammonia",0.033,0.031,FALSE,FALSE,"30 %","6.25000000000001 %",0.003,FALSE,FALSE
14450,2015-06-08,"Ammonia",0.02,0.017,FALSE,FALSE,"30 %","16.2162162162162 %",0.003,FALSE,FALSE
14410,2015-07-06,"Ammonia",0.028,0.041,FALSE,FALSE,"30 %","37.6811594202899 %",0.003,FALSE,TRUE
17271,2015-07-17,"Ammonia",0.003,0.003,TRUE,TRUE,"30 %","0 %",0.003,FALSE,FALSE
15703,2015-07-29,"Ammonia",0.006,0.007,FALSE,FALSE,"30 %","15.3846153846154 %",0.003,FALSE,FALSE
14804,2015-08-28,"Ammonia",0.005,0.006,FALSE,FALSE,"30 %","18.1818181818182 %",0.003,FALSE,FALSE
18159,2015-09-14,"Ammonia",0.005,0.006,FALSE,FALSE,"30 %","18.1818181818182 %",0.003,FALSE,FALSE
14441,2015-09-15,"Ammonia",0.005,0.003,FALSE,FALSE,"30 %","50 %",0.003,FALSE,TRUE
16221,2015-09-15,"Ammonia",0.032,0.035,FALSE,FALSE,"30 %","8.95522388059702 %",0.003,FALSE,FALSE
16124,2015-09-25,"Ammonia",0.003,0.003,TRUE,TRUE,"30 %","0 %",0.003,FALSE,FALSE
15315,2015-10-01,"Ammonia",0.009,0.004,FALSE,FALSE,"30 %","76.9230769230769 %",0.003,FALSE,TRUE
17295,2015-10-01,"Ammonia",0.009,0.008,FALSE,FALSE,"30 %","11.7647058823529 %",0.003,FALSE,FALSE
14720,2015-10-05,"Ammonia",0.004,0.005,FALSE,FALSE,"30 %","22.2222222222222 %",0.003,FALSE,FALSE
14863,2015-11-17,"Ammonia",0.005,0.008,FALSE,FALSE,"30 %","46.1538461538462 %",0.003,FALSE,TRUE
14221,2011-06-30,"Nitrate",0.084,0.084,FALSE,FALSE,"30 %","0 %",0.003,FALSE,FALSE
14444,2011-07-13,"Nitrate",0.496,0.207,FALSE,FALSE,"30 %","82.2190611664296 %",0.003,FALSE,TRUE
14445,2011-07-13,"Nitrate",0.496,0.207,FALSE,FALSE,"30 %","82.2190611664296 %",0.003,FALSE,TRUE
16387,2011-07-19,"Nitrate",0.068,0.068,FALSE,FALSE,"30 %","0 %",0.003,FALSE,FALSE
15571,2011-07-28,"Nitrate",0.355,0.354,FALSE,FALSE,"30 %","0.282087447108604 %",0.003,FALSE,FALSE
14711,2011-07-29,"Nitrate",1.063,1.073,FALSE,FALSE,"30 %","0.936329588014982 %",0.003,FALSE,FALSE
16110,2011-07-29,"Nitrate",0.407,0.433,FALSE,FALSE,"30 %","6.1904761904762 %",0.003,FALSE,FALSE
14206,2011-08-26,"Nitrate",0.799,0.817,FALSE,FALSE,"30 %","2.22772277227722 %",0.003,FALSE,FALSE
16119,2011-10-12,"Nitrate",0.023,0.025,FALSE,FALSE,"30 %","8.33333333333334 %",0.003,FALSE,FALSE
14226,2011-10-17,"Nitrate",0.981,0.989,FALSE,FALSE,"30 %","0.812182741116752 %",0.003,FALSE,FALSE
16325,2011-10-17,"Nitrate",0.643,0.651,FALSE,FALSE,"30 %","1.23647604327666 %",0.003,FALSE,FALSE
15087,2011-10-18,"Nitrate",1.255,1.265,FALSE,FALSE,"30 %","0.793650793650794 %",0.003,FALSE,FALSE
14247,2011-10-21,"Nitrate",0.011,0.012,FALSE,FALSE,"30 %","8.69565217391305 %",0.003,FALSE,FALSE
14316,2011-10-26,"Nitrate",0.308,0.341,FALSE,FALSE,"30 %","10.1694915254237 %",0.003,FALSE,FALSE
14612,2011-11-07,"Nitrate",0.073,0.139,FALSE,FALSE,"30 %","62.2641509433962 %",0.003,FALSE,TRUE
15240,2011-11-10,"Nitrate",0.003,0.003,TRUE,TRUE,"30 %","0 %",0.003,FALSE,FALSE
15516,2011-11-10,"Nitrate",0.001,0.019,FALSE,FALSE,"30 %","180 %",0.003,TRUE,TRUE
14317,2011-11-14,"Nitrate",0.163,0.152,FALSE,FALSE,"30 %","6.98412698412699 %",0.003,FALSE,FALSE
14792,2011-11-14,"Nitrate",0.4,0.4,FALSE,FALSE,"30 %","0 %",0.003,FALSE,FALSE
17747,2011-11-14,"Nitrate",0.163,0.152,FALSE,FALSE,"30 %","6.98412698412699 %",0.003,FALSE,FALSE
15556,2011-11-15,"Nitrate",0.653,0.663,FALSE,FALSE,"30 %","1.51975683890578 %",0.003,FALSE,FALSE
14740,2011-11-16,"Nitrate",0.042,0.043,FALSE,FALSE,"30 %","2.35294117647057 %",0.003,FALSE,FALSE
14436,2012-06-12,"Nitrate",1.593,1.583,FALSE,FALSE,"30 %","0.629722921914358 %",0.003,FALSE,FALSE
18215,2012-06-21,"Nitrate",3.263,3.343,FALSE,FALSE,"30 %","2.42204056917954 %",0.003,FALSE,FALSE
16122,2012-06-22,"Nitrate",0.261,0.257,FALSE,FALSE,"30 %","1.54440154440155 %",0.003,FALSE,FALSE
14263,2012-06-29,"Nitrate",10.867,10.866,FALSE,FALSE,"30 %","0.00920259513183842 %",0.003,FALSE,FALSE
15703,2012-07-02,"Nitrate",0.237,0.233,FALSE,FALSE,"30 %","1.70212765957446 %",0.003,FALSE,FALSE
18159,2012-07-03,"Nitrate",0.114,0.113,FALSE,FALSE,"30 %","0.881057268722468 %",0.003,FALSE,FALSE
14288,2012-07-05,"Nitrate",0.61,0.624,FALSE,FALSE,"30 %","2.26904376012966 %",0.003,FALSE,FALSE
14396,2012-07-12,"Nitrate",0.295,0.296,FALSE,FALSE,"30 %","0.338409475465313 %",0.003,FALSE,FALSE
14578,2012-07-16,"Nitrate",0.744,0.741,FALSE,FALSE,"30 %","0.404040404040404 %",0.003,FALSE,FALSE
16121,2012-09-19,"Nitrate",0.146,0.145,FALSE,FALSE,"30 %","0.687285223367698 %",0.003,FALSE,FALSE
17568,2012-09-19,"Nitrate",0.023,0.029,FALSE,FALSE,"30 %","23.0769230769231 %",0.003,FALSE,FALSE
14396,2012-09-21,"Nitrate",0.156,0.154,FALSE,FALSE,"30 %","1.29032258064516 %",0.003,FALSE,FALSE
16304,2012-09-24,"Nitrate",0.347,0.351,FALSE,FALSE,"30 %","1.14613180515759 %",0.003,FALSE,FALSE
14444,2012-10-01,"Nitrate",0.081,0.082,FALSE,FALSE,"30 %","1.22699386503068 %",0.003,FALSE,FALSE
15530,2012-10-02,"Nitrate",0.09,0.09,FALSE,FALSE,"30 %","0 %",0.003,FALSE,FALSE
14442,2012-10-03,"Nitrate",0.003,0.003,TRUE,TRUE,"30 %","0 %",0.003,FALSE,FALSE
14377,2012-10-09,"Nitrate",0.068,0.069,FALSE,FALSE,"30 %","1.45985401459854 %",0.003,FALSE,FALSE
15020,2012-10-15,"Nitrate",0.044,0.046,FALSE,FALSE,"30 %","4.44444444444445 %",0.003,FALSE,FALSE
14997,2012-10-16,"Nitrate",0.047,0.052,FALSE,FALSE,"30 %","10.1010101010101 %",0.003,FALSE,FALSE
14147,2012-10-17,"Nitrate",3.236,3.911,FALSE,FALSE,"30 %","18.8890443542745 %",0.003,FALSE,FALSE
14601,2012-10-23,"Nitrate",0.204,0.211,FALSE,FALSE,"30 %","3.37349397590362 %",0.003,FALSE,FALSE
14441,2013-05-15,"Nitrate",0.098,0.181,FALSE,FALSE,"30 %","59.4982078853046 %",0.003,FALSE,TRUE
14473,2013-06-04,"Nitrate",0.433,0.449,FALSE,FALSE,"30 %","3.6281179138322 %",0.003,FALSE,FALSE
14720,2013-07-03,"Nitrate",0.154,0.154,FALSE,FALSE,"30 %","0 %",0.003,FALSE,FALSE
14441,2013-07-08,"Nitrate",0.134,0.132,FALSE,FALSE,"30 %","1.50375939849624 %",0.003,FALSE,FALSE
14319,2013-09-16,"Nitrate",0.665,0.612,FALSE,FALSE,"30 %","8.30070477682068 %",0.003,FALSE,FALSE
16076,2013-09-18,"Nitrate",0.613,0.63,FALSE,FALSE,"30 %","2.73531777956557 %",0.003,FALSE,FALSE
14441,2013-09-19,"Nitrate",0.135,0.138,FALSE,FALSE,"30 %","2.1978021978022 %",0.003,FALSE,FALSE
15994,2013-09-26,"Nitrate",0.23,0.23,FALSE,FALSE,"30 %","0 %",0.003,FALSE,FALSE
14298,2013-10-02,"Nitrate",0.385,0.39,FALSE,FALSE,"30 %","1.29032258064516 %",0.003,FALSE,FALSE
14293,2013-10-03,"Nitrate",0.189,0.191,FALSE,FALSE,"30 %","1.05263157894737 %",0.003,FALSE,FALSE
14363,2013-10-07,"Nitrate",0.059,0.06,FALSE,FALSE,"30 %","1.68067226890756 %",0.003,FALSE,FALSE
15375,2013-10-09,"Nitrate",0.137,0.136,FALSE,FALSE,"30 %","0.732600732600733 %",0.003,FALSE,FALSE
16137,2013-10-15,"Nitrate",1.36,1.36,FALSE,FALSE,"30 %","0 %",0.003,FALSE,FALSE
16370,2013-10-15,"Nitrate",0.251,0.251,FALSE,FALSE,"30 %","0 %",0.003,FALSE,FALSE
16044,2013-10-16,"Nitrate",0.056,0.054,FALSE,FALSE,"30 %","3.63636363636364 %",0.003,FALSE,FALSE
16885,2014-06-10,"Nitrate",0.15,0.15,FALSE,FALSE,"30 %","0 %",0.003,FALSE,FALSE
14199,2014-06-12,"Nitrate",0.204,0.203,FALSE,FALSE,"30 %","0.491400491400478 %",0.003,FALSE,FALSE
14410,2014-06-17,"Nitrate",0.408,0.405,FALSE,FALSE,"30 %","0.738007380073788 %",0.003,FALSE,FALSE
14442,2014-06-18,"Nitrate",0.08,0.079,FALSE,FALSE,"30 %","1.25786163522013 %",0.003,FALSE,FALSE
15319,2014-06-25,"Nitrate",0.476,0.477,FALSE,FALSE,"30 %","0.209863588667366 %",0.003,FALSE,FALSE
14589,2014-07-11,"Nitrate",0.32,0.318,FALSE,FALSE,"30 %","0.626959247648903 %",0.003,FALSE,FALSE
14724,2014-07-16,"Nitrate",0.096,0.104,FALSE,FALSE,"30 %","7.99999999999999 %",0.003,FALSE,FALSE
15179,2014-07-17,"Nitrate",0.098,0.098,FALSE,FALSE,"30 %","0 %",0.003,FALSE,FALSE
14602,2014-07-18,"Nitrate",0.734,0.732,FALSE,FALSE,"30 %","0.272851296043656 %",0.003,FALSE,FALSE
14599,2014-08-01,"Nitrate",0.233,0.235,FALSE,FALSE,"30 %","0.854700854700844 %",0.003,FALSE,FALSE
16734,2014-08-08,"Nitrate",0.702,0.691,FALSE,FALSE,"30 %","1.57932519741565 %",0.003,FALSE,FALSE
16212,2014-08-14,"Nitrate",0.205,0.205,FALSE,FALSE,"30 %","0 %",0.003,FALSE,FALSE
18753,2014-08-21,"Nitrate",0.282,0.28,FALSE,FALSE,"30 %","0.711743772241974 %",0.003,FALSE,FALSE
18755,2014-08-21,"Nitrate",0.345,0.2,FALSE,FALSE,"30 %","53.2110091743119 %",0.003,FALSE,TRUE
17852,2014-08-27,"Nitrate",0.626,0.628,FALSE,FALSE,"30 %","0.318979266347688 %",0.003,FALSE,FALSE
14582,2014-09-15,"Nitrate",0.493,0.497,FALSE,FALSE,"30 %","0.808080808080809 %",0.003,FALSE,FALSE
14451,2014-09-18,"Nitrate",0.66,0.666,FALSE,FALSE,"30 %","0.904977375565612 %",0.003,FALSE,FALSE
14341,2014-09-23,"Nitrate",0.441,0.444,FALSE,FALSE,"30 %","0.677966101694916 %",0.003,FALSE,FALSE
14825,2014-09-23,"Nitrate",0.982,0.971,FALSE,FALSE,"30 %","1.12647209421403 %",0.003,FALSE,FALSE
16370,2014-09-23,"Nitrate",0.502,0.504,FALSE,FALSE,"30 %","0.397614314115309 %",0.003,FALSE,FALSE
16112,2014-10-02,"Nitrate",0.088,0.085,FALSE,FALSE,"30 %","3.46820809248554 %",0.003,FALSE,FALSE
14581,2014-10-07,"Nitrate",1.002,0.996,FALSE,FALSE,"30 %","0.600600600600601 %",0.003,FALSE,FALSE
15008,2014-10-07,"Nitrate",0.282,0.283,FALSE,FALSE,"30 %","0.353982300884956 %",0.003,FALSE,FALSE
15720,2014-10-07,"Nitrate",0.007,0.005,FALSE,FALSE,"30 %","33.3333333333333 %",0.003,FALSE,TRUE
14738,2014-10-09,"Nitrate",0.428,0.427,FALSE,FALSE,"30 %","0.233918128654971 %",0.003,FALSE,FALSE
14879,2014-10-09,"Nitrate",0.183,0.186,FALSE,FALSE,"30 %","1.6260162601626 %",0.003,FALSE,FALSE
15567,2014-10-09,"Nitrate",0.39,0.391,FALSE,FALSE,"30 %","0.256081946222792 %",0.003,FALSE,FALSE
14599,2014-10-10,"Nitrate",0.03,0.034,FALSE,FALSE,"30 %","12.5 %",0.003,FALSE,FALSE
15796,2015-06-03,"Nitrate",0.003,0.006,TRUE,FALSE,"30 %","66.6666666666667 %",0.003,FALSE,TRUE
14404,2015-06-08,"Nitrate",0.926,0.921,FALSE,FALSE,"30 %","0.541418516513265 %",0.003,FALSE,FALSE
14450,2015-06-08,"Nitrate",0.093,0.097,FALSE,FALSE,"30 %","4.21052631578948 %",0.003,FALSE,FALSE
14410,2015-07-06,"Nitrate",0.333,0.357,FALSE,FALSE,"30 %","6.95652173913042 %",0.003,FALSE,FALSE
17271,2015-07-17,"Nitrate",0.105,0.104,FALSE,FALSE,"30 %","0.956937799043063 %",0.003,FALSE,FALSE
15703,2015-07-29,"Nitrate",0.26,0.257,FALSE,FALSE,"30 %","1.1605415860735 %",0.003,FALSE,FALSE
14804,2015-08-28,"Nitrate",0.232,0.234,FALSE,FALSE,"30 %","0.858369098712447 %",0.003,FALSE,FALSE
18159,2015-09-14,"Nitrate",0.159,0.159,FALSE,FALSE,"30 %","0 %",0.003,FALSE,FALSE
14441,2015-09-15,"Nitrate",0.109,0.11,FALSE,FALSE,"30 %","0.913242009132421 %",0.003,FALSE,FALSE
16221,2015-09-15,"Nitrate",0.195,0.194,FALSE,FALSE,"30 %","0.51413881748072 %",0.003,FALSE,FALSE
16124,2015-09-25,"Nitrate",0.165,0.168,FALSE,FALSE,"30 %","1.8018018018018 %",0.003,FALSE,FALSE
15315,2015-10-01,"Nitrate",0.012,0.013,FALSE,FALSE,"30 %","7.99999999999999 %",0.003,FALSE,FALSE
17295,2015-10-01,"Nitrate",0.007,0.007,FALSE,FALSE,"30 %","0 %",0.003,FALSE,FALSE
14720,2015-10-05,"Nitrate",0.148,0.149,FALSE,FALSE,"30 %","0.673400673400674 %",0.003,FALSE,FALSE
14863,2015-11-17,"Nitrate",0.003,0.003,TRUE,TRUE,"30 %","0 %",0.003,FALSE,FALSE
14221,2011-06-30,"Nitrite",0.003,0.003,TRUE,TRUE,"30 %","0 %",0.003,FALSE,FALSE
14444,2011-07-13,"Nitrite",0.003,0.003,FALSE,TRUE,"30 %","0 %",0.003,FALSE,FALSE
14445,2011-07-13,"Nitrite",0.003,0.003,FALSE,FALSE,"30 %","0 %",0.003,FALSE,FALSE
16387,2011-07-19,"Nitrite",0.003,0.003,TRUE,TRUE,"30 %","0 %",0.003,FALSE,FALSE
15571,2011-07-28,"Nitrite",0.003,0.003,TRUE,TRUE,"30 %","0 %",0.003,FALSE,FALSE
14711,2011-07-29,"Nitrite",0.012,0.012,FALSE,FALSE,"30 %","0 %",0.003,FALSE,FALSE
16110,2011-07-29,"Nitrite",0.003,0.003,TRUE,TRUE,"30 %","0 %",0.003,FALSE,FALSE
14206,2011-08-26,"Nitrite",0.003,0.003,FALSE,FALSE,"30 %","0 %",0.003,FALSE,FALSE
16119,2011-10-12,"Nitrite",0.003,0.003,TRUE,TRUE,"30 %","0 %",0.003,FALSE,FALSE
14226,2011-10-17,"Nitrite",0.005,0.005,FALSE,FALSE,"30 %","0 %",0.003,FALSE,FALSE
16325,2011-10-17,"Nitrite",0.005,0.005,FALSE,FALSE,"30 %","0 %",0.003,FALSE,FALSE
15087,2011-10-18,"Nitrite",0.005,0.005,FALSE,FALSE,"30 %","0 %",0.003,FALSE,FALSE
14247,2011-10-21,"Nitrite",0.003,0.003,TRUE,TRUE,"30 %","0 %",0.003,FALSE,FALSE
14316,2011-10-26,"Nitrite",0.01,0.003,FALSE,TRUE,"30 %","107.692307692308 %",0.003,FALSE,TRUE
14612,2011-11-07,"Nitrite",0.01,0.01,FALSE,FALSE,"30 %","0 %",0.003,FALSE,FALSE
15240,2011-11-10,"Nitrite",0.009,0.009,FALSE,FALSE,"30 %","0 %",0.003,FALSE,FALSE
15516,2011-11-10,"Nitrite",0.012,0.006,FALSE,FALSE,"30 %","66.6666666666667 %",0.003,FALSE,TRUE
14317,2011-11-14,"Nitrite",0.013,0.013,FALSE,FALSE,"30 %","0 %",0.003,FALSE,FALSE
14792,2011-11-14,"Nitrite",0.01,0.009,FALSE,FALSE,"30 %","10.5263157894737 %",0.003,FALSE,FALSE
17747,2011-11-14,"Nitrite",0.013,0.013,FALSE,FALSE,"30 %","0 %",0.003,FALSE,FALSE
15556,2011-11-15,"Nitrite",0.009,0.009,FALSE,FALSE,"30 %","0 %",0.003,FALSE,FALSE
14740,2011-11-16,"Nitrite",0.004,0.004,FALSE,FALSE,"30 %","0 %",0.003,FALSE,FALSE
14436,2012-06-12,"Nitrite",0.007,0.007,FALSE,FALSE,"30 %","0 %",0.003,FALSE,FALSE
18215,2012-06-21,"Nitrite",0.007,0.007,FALSE,FALSE,"30 %","0 %",0.003,FALSE,FALSE
16122,2012-06-22,"Nitrite",0.003,0.003,TRUE,TRUE,"30 %","0 %",0.003,FALSE,FALSE
14263,2012-06-29,"Nitrite",0.013,0.014,FALSE,FALSE,"30 %","7.40740740740741 %",0.003,FALSE,FALSE
15703,2012-07-02,"Nitrite",0.003,0.003,TRUE,TRUE,"30 %","0 %",0.003,FALSE,FALSE
18159,2012-07-03,"Nitrite",0.004,0.004,FALSE,FALSE,"30 %","0 %",0.003,FALSE,FALSE
14288,2012-07-05,"Nitrite",0.008,0.003,FALSE,TRUE,"30 %","90.9090909090909 %",0.003,FALSE,TRUE
14396,2012-07-12,"Nitrite",0.003,0.003,FALSE,TRUE,"30 %","0 %",0.003,FALSE,FALSE
14578,2012-07-16,"Nitrite",0.012,0.009,FALSE,FALSE,"30 %","28.5714285714286 %",0.003,FALSE,FALSE
16121,2012-09-19,"Nitrite",0.003,0.003,TRUE,FALSE,"30 %","0 %",0.003,FALSE,FALSE
17568,2012-09-19,"Nitrite",0.003,0.003,FALSE,FALSE,"30 %","0 %",0.003,FALSE,FALSE
14396,2012-09-21,"Nitrite",0.003,0.003,TRUE,TRUE,"30 %","0 %",0.003,FALSE,FALSE
16304,2012-09-24,"Nitrite",0.013,0.014,FALSE,FALSE,"30 %","7.40740740740741 %",0.003,FALSE,FALSE
14444,2012-10-01,"Nitrite",0.008,0.007,FALSE,FALSE,"30 %","13.3333333333333 %",0.003,FALSE,FALSE
15530,2012-10-02,"Nitrite",0.004,0.006,FALSE,FALSE,"30 %","40 %",0.003,FALSE,TRUE
14442,2012-10-03,"Nitrite",0.004,0.006,FALSE,FALSE,"30 %","40 %",0.003,FALSE,TRUE
14377,2012-10-09,"Nitrite",0.012,0.011,FALSE,FALSE,"30 %","8.69565217391305 %",0.003,FALSE,FALSE
15020,2012-10-15,"Nitrite",0.003,0.003,FALSE,FALSE,"30 %","0 %",0.003,FALSE,FALSE
14997,2012-10-16,"Nitrite",0.006,0.003,FALSE,TRUE,"30 %","66.6666666666667 %",0.003,FALSE,TRUE
14147,2012-10-17,"Nitrite",0.024,0.029,FALSE,FALSE,"30 %","18.8679245283019 %",0.003,FALSE,FALSE
14601,2012-10-23,"Nitrite",0.006,0.005,FALSE,FALSE,"30 %","18.1818181818182 %",0.003,FALSE,FALSE
14441,2013-05-15,"Nitrite",0.003,0.003,FALSE,TRUE,"30 %","0 %",0.003,FALSE,FALSE
14473,2013-06-04,"Nitrite",0.005,0.005,FALSE,FALSE,"30 %","0 %",0.003,FALSE,FALSE
14720,2013-07-03,"Nitrite",0.003,0.003,TRUE,TRUE,"30 %","0 %",0.003,FALSE,FALSE
14441,2013-07-08,"Nitrite",0.003,0.004,FALSE,FALSE,"30 %","28.5714285714286 %",0.003,FALSE,FALSE
14319,2013-09-16,"Nitrite",0.035,0.034,FALSE,FALSE,"30 %","2.89855072463768 %",0.003,FALSE,FALSE
16076,2013-09-18,"Nitrite",0.003,0.006,FALSE,FALSE,"30 %","66.6666666666667 %",0.003,FALSE,TRUE
14441,2013-09-19,"Nitrite",0.003,0.003,TRUE,TRUE,"30 %","0 %",0.003,FALSE,FALSE
15994,2013-09-26,"Nitrite",0.003,0.003,TRUE,TRUE,"30 %","0 %",0.003,FALSE,FALSE
14298,2013-10-02,"Nitrite",0.003,0.003,TRUE,TRUE,"30 %","0 %",0.003,FALSE,FALSE
14293,2013-10-03,"Nitrite",0.003,0.003,TRUE,TRUE,"30 %","0 %",0.003,FALSE,FALSE
14363,2013-10-07,"Nitrite",0.003,0.003,TRUE,TRUE,"30 %","0 %",0.003,FALSE,FALSE
15375,2013-10-09,"Nitrite",0.003,0.003,TRUE,TRUE,"30 %","0 %",0.003,FALSE,FALSE
16137,2013-10-15,"Nitrite",0.003,0.003,TRUE,TRUE,"30 %","0 %",0.003,FALSE,FALSE
16370,2013-10-15,"Nitrite",0.003,0.003,TRUE,TRUE,"30 %","0 %",0.003,FALSE,FALSE
16044,2013-10-16,"Nitrite",0.003,0.003,TRUE,TRUE,"30 %","0 %",0.003,FALSE,FALSE
16885,2014-06-10,"Nitrite",0.003,0.003,TRUE,TRUE,"30 %","0 %",0.003,FALSE,FALSE
14199,2014-06-12,"Nitrite",0.003,0.003,TRUE,TRUE,"30 %","0 %",0.003,FALSE,FALSE
14410,2014-06-17,"Nitrite",0.003,0.004,FALSE,FALSE,"30 %","28.5714285714286 %",0.003,FALSE,FALSE
14442,2014-06-18,"Nitrite",0.003,0.003,TRUE,TRUE,"30 %","0 %",0.003,FALSE,FALSE
15319,2014-06-25,"Nitrite",0.008,0.007,FALSE,FALSE,"30 %","13.3333333333333 %",0.003,FALSE,FALSE
14589,2014-07-11,"Nitrite",0.003,0.004,FALSE,FALSE,"30 %","28.5714285714286 %",0.003,FALSE,FALSE
14724,2014-07-16,"Nitrite",0.003,0.003,TRUE,TRUE,"30 %","0 %",0.003,FALSE,FALSE
15179,2014-07-17,"Nitrite",0.003,0.003,TRUE,TRUE,"30 %","0 %",0.003,FALSE,FALSE
14602,2014-07-18,"Nitrite",0.003,0.003,TRUE,TRUE,"30 %","0 %",0.003,FALSE,FALSE
14599,2014-08-01,"Nitrite",0.003,0.003,TRUE,TRUE,"30 %","0 %",0.003,FALSE,FALSE
16734,2014-08-08,"Nitrite",0.003,0.011,TRUE,FALSE,"30 %","114.285714285714 %",0.003,FALSE,TRUE
16212,2014-08-14,"Nitrite",0.003,0.003,FALSE,FALSE,"30 %","0 %",0.003,FALSE,FALSE
18753,2014-08-21,"Nitrite",0.003,0.003,TRUE,TRUE,"30 %","0 %",0.003,FALSE,FALSE
18755,2014-08-21,"Nitrite",0.003,0.003,TRUE,TRUE,"30 %","0 %",0.003,FALSE,FALSE
17852,2014-08-27,"Nitrite",0.003,0.003,TRUE,TRUE,"30 %","0 %",0.003,FALSE,FALSE
14582,2014-09-15,"Nitrite",0.003,0.003,FALSE,TRUE,"30 %","0 %",0.003,FALSE,FALSE
14451,2014-09-18,"Nitrite",0.003,0.003,TRUE,TRUE,"30 %","0 %",0.003,FALSE,FALSE
14341,2014-09-23,"Nitrite",0.004,0.003,FALSE,TRUE,"30 %","28.5714285714286 %",0.003,FALSE,FALSE
14825,2014-09-23,"Nitrite",0.008,0.009,FALSE,FALSE,"30 %","11.7647058823529 %",0.003,FALSE,FALSE
16370,2014-09-23,"Nitrite",0.003,0.003,TRUE,TRUE,"30 %","0 %",0.003,FALSE,FALSE
16112,2014-10-02,"Nitrite",0.003,0.003,TRUE,TRUE,"30 %","0 %",0.003,FALSE,FALSE
14581,2014-10-07,"Nitrite",0.003,0.003,TRUE,TRUE,"30 %","0 %",0.003,FALSE,FALSE
15008,2014-10-07,"Nitrite",0.003,0.003,TRUE,TRUE,"30 %","0 %",0.003,FALSE,FALSE
15720,2014-10-07,"Nitrite",0.003,0.003,TRUE,TRUE,"30 %","0 %",0.003,FALSE,FALSE
14738,2014-10-09,"Nitrite",0.003,0.003,TRUE,FALSE,"30 %","0 %",0.003,FALSE,FALSE
14879,2014-10-09,"Nitrite",0.003,0.003,TRUE,TRUE,"30 %","0 %",0.003,FALSE,FALSE
15567,2014-10-09,"Nitrite",0.003,0.003,TRUE,TRUE,"30 %","0 %",0.003,FALSE,FALSE
14599,2014-10-10,"Nitrite",0.03,0.034,FALSE,FALSE,"30 %","12.5 %",0.003,FALSE,FALSE
15796,2015-06-03,"Nitrite",0.005,0.003,FALSE,TRUE,"30 %","50 %",0.003,FALSE,TRUE
14404,2015-06-08,"Nitrite",0.008,0.005,FALSE,FALSE,"30 %","46.1538461538462 %",0.003,FALSE,TRUE
14450,2015-06-08,"Nitrite",0.003,0.003,FALSE,TRUE,"30 %","0 %",0.003,FALSE,FALSE
14410,2015-07-06,"Nitrite",0.003,0.003,FALSE,FALSE,"30 %","0 %",0.003,FALSE,FALSE
17271,2015-07-17,"Nitrite",0.003,0.003,TRUE,TRUE,"30 %","0 %",0.003,FALSE,FALSE
15703,2015-07-29,"Nitrite",0.003,0.003,TRUE,TRUE,"30 %","0 %",0.003,FALSE,FALSE
14804,2015-08-28,"Nitrite",0.003,0.003,TRUE,TRUE,"30 %","0 %",0.003,FALSE,FALSE
18159,2015-09-14,"Nitrite",0.003,0.003,TRUE,TRUE,"30 %","0 %",0.003,FALSE,FALSE
14441,2015-09-15,"Nitrite",0.003,0.003,TRUE,TRUE,"30 %","0 %",0.003,FALSE,FALSE
16221,2015-09-15,"Nitrite",0.003,0.003,FALSE,FALSE,"30 %","0 %",0.003,FALSE,FALSE
16124,2015-09-25,"Nitrite",0.003,0.003,TRUE,TRUE,"30 %","0 %",0.003,FALSE,FALSE
15315,2015-10-01,"Nitrite",0.003,0.003,TRUE,TRUE,"30 %","0 %",0.003,FALSE,FALSE
17295,2015-10-01,"Nitrite",0.003,0.003,TRUE,TRUE,"30 %","0 %",0.003,FALSE,FALSE
14720,2015-10-05,"Nitrite",0.003,0.003,TRUE,TRUE,"30 %","0 %",0.003,FALSE,FALSE
14863,2015-11-17,"Nitrite",0.003,0.004,TRUE,FALSE,"30 %","28.5714285714286 %",0.003,FALSE,FALSE
14221,2011-06-30,"Total Nitrogen",0.315,0.312,FALSE,FALSE,"30 %","0.956937799043063 %",0.008,FALSE,FALSE
14444,2011-07-13,"Total Nitrogen",0.651,0.406,FALSE,FALSE,"30 %","46.3576158940397 %",0.008,FALSE,TRUE
14445,2011-07-13,"Total Nitrogen",0.651,0.406,FALSE,FALSE,"30 %","46.3576158940397 %",0.008,FALSE,TRUE
16387,2011-07-19,"Total Nitrogen",0.147,0.127,FALSE,FALSE,"30 %","14.5985401459854 %",0.008,FALSE,FALSE
15571,2011-07-28,"Total Nitrogen",0.457,0.458,FALSE,FALSE,"30 %","0.218579234972678 %",0.008,FALSE,FALSE
14711,2011-07-29,"Total Nitrogen",1.195,1.212,FALSE,FALSE,"30 %","1.41254673867885 %",0.008,FALSE,FALSE
16110,2011-07-29,"Total Nitrogen",0.581,0.594,FALSE,FALSE,"30 %","2.21276595744681 %",0.008,FALSE,FALSE
14206,2011-08-26,"Total Nitrogen",1.15,1.19,FALSE,FALSE,"30 %","3.41880341880342 %",0.008,FALSE,FALSE
16119,2011-10-12,"Total Nitrogen",0.139,0.143,FALSE,FALSE,"30 %","2.8368794326241 %",0.008,FALSE,FALSE
14226,2011-10-17,"Total Nitrogen",1.17,1.21,FALSE,FALSE,"30 %","3.36134453781513 %",0.008,FALSE,FALSE
16325,2011-10-17,"Total Nitrogen",0.922,0.904,FALSE,FALSE,"30 %","1.97152245345017 %",0.008,FALSE,FALSE
15087,2011-10-18,"Total Nitrogen",1.52,1.61,FALSE,FALSE,"30 %","5.75079872204473 %",0.008,FALSE,FALSE
14247,2011-10-21,"Total Nitrogen",0.143,0.136,FALSE,FALSE,"30 %","5.01792114695339 %",0.008,FALSE,FALSE
14316,2011-10-26,"Total Nitrogen",0.439,0.45,FALSE,FALSE,"30 %","2.47469066366704 %",0.008,FALSE,FALSE
14612,2011-11-07,"Total Nitrogen",0.241,0.242,FALSE,FALSE,"30 %","0.414078674948241 %",0.008,FALSE,FALSE
15240,2011-11-10,"Total Nitrogen",0.111,0.117,FALSE,FALSE,"30 %","5.26315789473685 %",0.008,FALSE,FALSE
15516,2011-11-10,"Total Nitrogen",0.093,0.067,FALSE,FALSE,"30 %","32.5 %",0.008,FALSE,TRUE
14317,2011-11-14,"Total Nitrogen",0.266,0.261,FALSE,FALSE,"30 %","1.89753320683112 %",0.008,FALSE,FALSE
14792,2011-11-14,"Total Nitrogen",0.512,0.495,FALSE,FALSE,"30 %","3.37636544190666 %",0.008,FALSE,FALSE
17747,2011-11-14,"Total Nitrogen",0.266,0.261,FALSE,FALSE,"30 %","1.89753320683112 %",0.008,FALSE,FALSE
15556,2011-11-15,"Total Nitrogen",0.861,0.893,FALSE,FALSE,"30 %","3.64880273660206 %",0.008,FALSE,FALSE
14740,2011-11-16,"Total Nitrogen",0.124,0.14,FALSE,FALSE,"30 %","12.1212121212121 %",0.008,FALSE,FALSE
14436,2012-06-12,"Total Nitrogen",1.64,1.63,FALSE,FALSE,"30 %","0.611620795107034 %",0.008,FALSE,FALSE
18215,2012-06-21,"Total Nitrogen",3.19,3.14,FALSE,FALSE,"30 %","1.57977883096366 %",0.008,FALSE,FALSE
16122,2012-06-22,"Total Nitrogen",0.28,0.321,FALSE,FALSE,"30 %","13.6439267886855 %",0.008,FALSE,FALSE
14263,2012-06-29,"Total Nitrogen",3.14,3.14,FALSE,FALSE,"30 %","0 %",0.008,FALSE,FALSE
15703,2012-07-02,"Total Nitrogen",0.385,0.395,FALSE,FALSE,"30 %","2.56410256410257 %",0.008,FALSE,FALSE
18159,2012-07-03,"Total Nitrogen",0.32,0.338,FALSE,FALSE,"30 %","5.4711246200608 %",0.008,FALSE,FALSE
14288,2012-07-05,"Total Nitrogen",0.865,0.913,FALSE,FALSE,"30 %","5.39932508436446 %",0.008,FALSE,FALSE
14396,2012-07-12,"Total Nitrogen",0.65,0.494,FALSE,FALSE,"30 %","27.2727272727273 %",0.008,FALSE,FALSE
14578,2012-07-16,"Total Nitrogen",1.08,1.11,FALSE,FALSE,"30 %","2.73972602739726 %",0.008,FALSE,FALSE
16121,2012-09-19,"Total Nitrogen",0.342,0.345,FALSE,FALSE,"30 %","0.873362445414832 %",0.008,FALSE,FALSE
17568,2012-09-19,"Total Nitrogen",0.29,0.29,FALSE,FALSE,"30 %","0 %",0.008,FALSE,FALSE
14396,2012-09-21,"Total Nitrogen",0.297,0.29,FALSE,FALSE,"30 %","2.38500851788757 %",0.008,FALSE,FALSE
16304,2012-09-24,"Total Nitrogen",0.683,0.688,FALSE,FALSE,"30 %","0.729394602479926 %",0.008,FALSE,FALSE
14444,2012-10-01,"Total Nitrogen",0.296,0.286,FALSE,FALSE,"30 %","3.43642611683849 %",0.008,FALSE,FALSE
15530,2012-10-02,"Total Nitrogen",0.209,0.23,FALSE,FALSE,"30 %","9.56719817767655 %",0.008,FALSE,FALSE
14442,2012-10-03,"Total Nitrogen",0.239,0.22,FALSE,FALSE,"30 %","8.27886710239651 %",0.008,FALSE,FALSE
14377,2012-10-09,"Total Nitrogen",0.26,0.255,FALSE,FALSE,"30 %","1.94174757281554 %",0.008,FALSE,FALSE
15020,2012-10-15,"Total Nitrogen",0.177,0.186,FALSE,FALSE,"30 %","4.95867768595042 %",0.008,FALSE,FALSE
14997,2012-10-16,"Total Nitrogen",0.126,0.129,FALSE,FALSE,"30 %","2.35294117647059 %",0.008,FALSE,FALSE
14147,2012-10-17,"Total Nitrogen",4.59,4.765,FALSE,FALSE,"30 %","3.74131480491715 %",0.008,FALSE,FALSE
14601,2012-10-23,"Total Nitrogen",0.597,0.577,FALSE,FALSE,"30 %","3.40715502555367 %",0.008,FALSE,FALSE
14441,2013-05-15,"Total Nitrogen",0.313,0.336,FALSE,FALSE,"30 %","7.08782742681048 %",0.008,FALSE,FALSE
14473,2013-06-04,"Total Nitrogen",0.712,0.703,FALSE,FALSE,"30 %","1.27208480565371 %",0.008,FALSE,FALSE
14720,2013-07-03,"Total Nitrogen",0.272,0.273,FALSE,FALSE,"30 %","0.36697247706422 %",0.008,FALSE,FALSE
14441,2013-07-08,"Total Nitrogen",1.06,0.877,FALSE,FALSE,"30 %","18.8951987609706 %",0.008,FALSE,FALSE
14319,2013-09-16,"Total Nitrogen",0.96,0.95,FALSE,FALSE,"30 %","1.04712041884817 %",0.008,FALSE,FALSE
16076,2013-09-18,"Total Nitrogen",0.769,0.767,FALSE,FALSE,"30 %","0.260416666666667 %",0.008,FALSE,FALSE
14441,2013-09-19,"Total Nitrogen",0.223,0.229,FALSE,FALSE,"30 %","2.65486725663717 %",0.008,FALSE,FALSE
15994,2013-09-26,"Total Nitrogen",0.383,0.373,FALSE,FALSE,"30 %","2.64550264550265 %",0.008,FALSE,FALSE
14298,2013-10-02,"Total Nitrogen",0.487,0.535,FALSE,FALSE,"30 %","9.39334637964776 %",0.008,FALSE,FALSE
14293,2013-10-03,"Total Nitrogen",0.373,0.375,FALSE,FALSE,"30 %","0.534759358288771 %",0.008,FALSE,FALSE
14363,2013-10-07,"Total Nitrogen",0.427,0.368,FALSE,FALSE,"30 %","14.8427672955975 %",0.008,FALSE,FALSE
15375,2013-10-09,"Total Nitrogen",0.365,0.316,FALSE,FALSE,"30 %","14.3906020558003 %",0.008,FALSE,FALSE
16137,2013-10-15,"Total Nitrogen",1.499,1.543,FALSE,FALSE,"30 %","2.89283366206442 %",0.008,FALSE,FALSE
16370,2013-10-15,"Total Nitrogen",0.312,0.308,FALSE,FALSE,"30 %","1.29032258064516 %",0.008,FALSE,FALSE
16044,2013-10-16,"Total Nitrogen",0.148,0.141,FALSE,FALSE,"30 %","4.84429065743945 %",0.008,FALSE,FALSE
16885,2014-06-10,"Total Nitrogen",0.32,0.294,FALSE,FALSE,"30 %","8.46905537459284 %",0.008,FALSE,FALSE
14199,2014-06-12,"Total Nitrogen",0.269,0.298,FALSE,FALSE,"30 %","10.2292768959436 %",0.008,FALSE,FALSE
14410,2014-06-17,"Total Nitrogen",0.527,0.523,FALSE,FALSE,"30 %","0.761904761904763 %",0.008,FALSE,FALSE
14442,2014-06-18,"Total Nitrogen",0.252,0.252,FALSE,FALSE,"30 %","0 %",0.008,FALSE,FALSE
15319,2014-06-25,"Total Nitrogen",0.685,0.682,FALSE,FALSE,"30 %","0.438917337234821 %",0.008,FALSE,FALSE
14589,2014-07-11,"Total Nitrogen",0.408,0.415,FALSE,FALSE,"30 %","1.70109356014581 %",0.008,FALSE,FALSE
14724,2014-07-16,"Total Nitrogen",0.245,0.221,FALSE,FALSE,"30 %","10.3004291845494 %",0.008,FALSE,FALSE
15179,2014-07-17,"Total Nitrogen",0.221,0.244,FALSE,FALSE,"30 %","9.89247311827957 %",0.008,FALSE,FALSE
14602,2014-07-18,"Total Nitrogen",0.889,0.764,FALSE,FALSE,"30 %","15.124016938899 %",0.008,FALSE,FALSE
14599,2014-08-01,"Total Nitrogen",0.367,0.368,FALSE,FALSE,"30 %","0.272108843537415 %",0.008,FALSE,FALSE
16734,2014-08-08,"Total Nitrogen",0.744,0.73,FALSE,FALSE,"30 %","1.89959294436907 %",0.008,FALSE,FALSE
16212,2014-08-14,"Total Nitrogen",0.685,0.682,FALSE,FALSE,"30 %","0.438917337234821 %",0.008,FALSE,FALSE
18753,2014-08-21,"Total Nitrogen",0.45,0.467,FALSE,FALSE,"30 %","3.70774263904035 %",0.008,FALSE,FALSE
18755,2014-08-21,"Total Nitrogen",0.487,0.322,FALSE,FALSE,"30 %","40.7911001236094 %",0.008,FALSE,TRUE
17852,2014-08-27,"Total Nitrogen",0.75,0.808,FALSE,FALSE,"30 %","7.44544287548139 %",0.008,FALSE,FALSE
14582,2014-09-15,"Total Nitrogen",0.671,0.659,FALSE,FALSE,"30 %","1.80451127819549 %",0.008,FALSE,FALSE
14451,2014-09-18,"Total Nitrogen",0.714,0.721,FALSE,FALSE,"30 %","0.975609756097562 %",0.008,FALSE,FALSE
14341,2014-09-23,"Total Nitrogen",0.558,0.486,FALSE,FALSE,"30 %","13.7931034482759 %",0.008,FALSE,FALSE
14825,2014-09-23,"Total Nitrogen",1.382,1.305,FALSE,FALSE,"30 %","5.73129884629698 %",0.008,FALSE,FALSE
16370,2014-09-23,"Total Nitrogen",0.485,0.437,FALSE,FALSE,"30 %","10.412147505423 %",0.008,FALSE,FALSE
16112,2014-10-02,"Total Nitrogen",0.213,0.228,FALSE,FALSE,"30 %","6.80272108843538 %",0.008,FALSE,FALSE
14581,2014-10-07,"Total Nitrogen",1.339,1.322,FALSE,FALSE,"30 %","1.27771514468244 %",0.008,FALSE,FALSE
15008,2014-10-07,"Total Nitrogen",0.412,0.387,FALSE,FALSE,"30 %","6.2578222778473 %",0.008,FALSE,FALSE
15720,2014-10-07,"Total Nitrogen",0.176,0.177,FALSE,FALSE,"30 %","0.566572237960341 %",0.008,FALSE,FALSE
14738,2014-10-09,"Total Nitrogen",0.73,0.641,FALSE,FALSE,"30 %","12.983223924143 %",0.008,FALSE,FALSE
14879,2014-10-09,"Total Nitrogen",0.349,0.374,FALSE,FALSE,"30 %","6.91562932226833 %",0.008,FALSE,FALSE
15567,2014-10-09,"Total Nitrogen",0.561,0.566,FALSE,FALSE,"30 %","0.887311446317639 %",0.008,FALSE,FALSE
14599,2014-10-10,"Total Nitrogen",0.161,0.172,FALSE,FALSE,"30 %","6.6066066066066 %",0.008,FALSE,FALSE
15796,2015-06-03,"Total Nitrogen",0.459,0.441,FALSE,FALSE,"30 %","4 %",0.008,FALSE,FALSE
14404,2015-06-08,"Total Nitrogen",1.094,1.103,FALSE,FALSE,"30 %","0.819299044151106 %",0.008,FALSE,FALSE
14450,2015-06-08,"Total Nitrogen",0.344,0.337,FALSE,FALSE,"30 %","2.05580029368574 %",0.008,FALSE,FALSE
14410,2015-07-06,"Total Nitrogen",0.452,0.451,FALSE,FALSE,"30 %","0.221483942414175 %",0.008,FALSE,FALSE
17271,2015-07-17,"Total Nitrogen",0.202,0.229,FALSE,FALSE,"30 %","12.5290023201856 %",0.008,FALSE,FALSE
15703,2015-07-29,"Total Nitrogen",0.349,0.344,FALSE,FALSE,"30 %","1.44300144300144 %",0.008,FALSE,FALSE
14804,2015-08-28,"Total Nitrogen",0.41,0.402,FALSE,FALSE,"30 %","1.97044334975368 %",0.008,FALSE,FALSE
18159,2015-09-14,"Total Nitrogen",0.279,0.273,FALSE,FALSE,"30 %","2.17391304347826 %",0.008,FALSE,FALSE
14441,2015-09-15,"Total Nitrogen",0.227,0.224,FALSE,FALSE,"30 %","1.33037694013304 %",0.008,FALSE,FALSE
16221,2015-09-15,"Total Nitrogen",0.337,0.34,FALSE,FALSE,"30 %","0.886262924667652 %",0.008,FALSE,FALSE
16124,2015-09-25,"Total Nitrogen",0.214,0.063,FALSE,FALSE,"30 %","109.025270758123 %",0.008,FALSE,TRUE
15315,2015-10-01,"Total Nitrogen",0.275,0.27,FALSE,FALSE,"30 %","1.8348623853211 %",0.008,FALSE,FALSE
17295,2015-10-01,"Total Nitrogen",0.234,0.236,FALSE,FALSE,"30 %","0.851063829787223 %",0.008,FALSE,FALSE
14720,2015-10-05,"Total Nitrogen",0.261,0.233,FALSE,FALSE,"30 %","11.336032388664 %",0.008,FALSE,FALSE
14863,2015-11-17,"Total Nitrogen",0.112,0.119,FALSE,FALSE,"30 %","6.06060606060605 %",0.008,FALSE,FALSE
14221,2011-06-30,"Total Phosphorus",0.017,0.017,FALSE,FALSE,"30 %","0 %",0.001,FALSE,FALSE
14444,2011-07-13,"Total Phosphorus",0.021,0.028,FALSE,FALSE,"30 %","28.5714285714286 %",0.001,FALSE,FALSE
14445,2011-07-13,"Total Phosphorus",0.021,0.028,FALSE,FALSE,"30 %","28.5714285714286 %",0.001,FALSE,FALSE
16387,2011-07-19,"Total Phosphorus",0.012,0.011,FALSE,FALSE,"30 %","8.69565217391305 %",0.001,FALSE,FALSE
15571,2011-07-28,"Total Phosphorus",0.01,0.011,FALSE,FALSE,"30 %","9.52380952380952 %",0.001,FALSE,FALSE
14711,2011-07-29,"Total Phosphorus",0.352,0.352,FALSE,FALSE,"30 %","0 %",0.001,FALSE,FALSE
16110,2011-07-29,"Total Phosphorus",0.013,0.012,FALSE,FALSE,"30 %","7.99999999999999 %",0.001,FALSE,FALSE
14206,2011-08-26,"Total Phosphorus",0.029,0.029,FALSE,FALSE,"30 %","0 %",0.001,FALSE,FALSE
16119,2011-10-12,"Total Phosphorus",0.011,0.01,FALSE,FALSE,"30 %","9.52380952380952 %",0.001,FALSE,FALSE
14226,2011-10-17,"Total Phosphorus",0.029,0.029,FALSE,FALSE,"30 %","0 %",0.001,FALSE,FALSE
16325,2011-10-17,"Total Phosphorus",0.033,0.033,FALSE,FALSE,"30 %","0 %",0.001,FALSE,FALSE
15087,2011-10-18,"Total Phosphorus",0.021,0.022,FALSE,FALSE,"30 %","4.65116279069766 %",0.001,FALSE,FALSE
14247,2011-10-21,"Total Phosphorus",0.01,0.01,FALSE,FALSE,"30 %","0 %",0.001,FALSE,FALSE
14316,2011-10-26,"Total Phosphorus",0.048,0.047,FALSE,FALSE,"30 %","2.10526315789474 %",0.001,FALSE,FALSE
14612,2011-11-07,"Total Phosphorus",0.037,0.009,FALSE,FALSE,"30 %","121.739130434783 %",0.001,FALSE,TRUE
15240,2011-11-10,"Total Phosphorus",0.005,0.006,FALSE,FALSE,"30 %","18.1818181818182 %",0.001,FALSE,FALSE
15516,2011-11-10,"Total Phosphorus",0.005,0.007,FALSE,FALSE,"30 %","33.3333333333333 %",0.001,FALSE,TRUE
14317,2011-11-14,"Total Phosphorus",0.019,0.019,FALSE,FALSE,"30 %","0 %",0.001,FALSE,FALSE
14792,2011-11-14,"Total Phosphorus",0.015,0.013,FALSE,FALSE,"30 %","14.2857142857143 %",0.001,FALSE,FALSE
17747,2011-11-14,"Total Phosphorus",0.019,0.019,FALSE,FALSE,"30 %","0 %",0.001,FALSE,FALSE
15556,2011-11-15,"Total Phosphorus",0.142,0.137,FALSE,FALSE,"30 %","3.58422939068099 %",0.001,FALSE,FALSE
14740,2011-11-16,"Total Phosphorus",0.011,0.011,FALSE,FALSE,"30 %","0 %",0.001,FALSE,FALSE
14436,2012-06-12,"Total Phosphorus",0.006,0.009,FALSE,FALSE,"30 %","40 %",0.001,FALSE,TRUE
18215,2012-06-21,"Total Phosphorus",1.32,1.28,FALSE,FALSE,"30 %","3.07692307692308 %",0.001,FALSE,FALSE
16122,2012-06-22,"Total Phosphorus",0.014,0.016,FALSE,FALSE,"30 %","13.3333333333333 %",0.001,FALSE,FALSE
14263,2012-06-29,"Total Phosphorus",0.085,0.085,FALSE,FALSE,"30 %","0 %",0.001,FALSE,FALSE
15703,2012-07-02,"Total Phosphorus",0.016,0.013,FALSE,FALSE,"30 %","20.6896551724138 %",0.001,FALSE,FALSE
18159,2012-07-03,"Total Phosphorus",0.015,0.013,FALSE,FALSE,"30 %","14.2857142857143 %",0.001,FALSE,FALSE
14288,2012-07-05,"Total Phosphorus",0.066,0.063,FALSE,FALSE,"30 %","4.65116279069768 %",0.001,FALSE,FALSE
14396,2012-07-12,"Total Phosphorus",0.015,0.017,FALSE,FALSE,"30 %","12.5 %",0.001,FALSE,FALSE
14578,2012-07-16,"Total Phosphorus",0.041,0.042,FALSE,FALSE,"30 %","2.40963855421687 %",0.001,FALSE,FALSE
16121,2012-09-19,"Total Phosphorus",0.019,0.016,FALSE,FALSE,"30 %","17.1428571428571 %",0.001,FALSE,FALSE
17568,2012-09-19,"Total Phosphorus",0.023,0.023,FALSE,FALSE,"30 %","0 %",0.001,FALSE,FALSE
14396,2012-09-21,"Total Phosphorus",0.006,0.008,FALSE,FALSE,"30 %","28.5714285714286 %",0.001,FALSE,FALSE
16304,2012-09-24,"Total Phosphorus",0.03,0.028,FALSE,FALSE,"30 %","6.89655172413793 %",0.001,FALSE,FALSE
14444,2012-10-01,"Total Phosphorus",0.027,0.029,FALSE,FALSE,"30 %","7.14285714285715 %",0.001,FALSE,FALSE
15530,2012-10-02,"Total Phosphorus",0.009,0.012,FALSE,FALSE,"30 %","28.5714285714286 %",0.001,FALSE,FALSE
14442,2012-10-03,"Total Phosphorus",0.01,0.012,FALSE,FALSE,"30 %","18.1818181818182 %",0.001,FALSE,FALSE
14377,2012-10-09,"Total Phosphorus",0.01,0.01,FALSE,FALSE,"30 %","0 %",0.001,FALSE,FALSE
15020,2012-10-15,"Total Phosphorus",0.017,0.017,FALSE,FALSE,"30 %","0 %",0.001,FALSE,FALSE
14997,2012-10-16,"Total Phosphorus",0.021,0.019,FALSE,FALSE,"30 %","10 %",0.001,FALSE,FALSE
14147,2012-10-17,"Total Phosphorus",0.141,0.133,FALSE,FALSE,"30 %","5.83941605839415 %",0.001,FALSE,FALSE
14601,2012-10-23,"Total Phosphorus",0.039,0.041,FALSE,FALSE,"30 %","5 %",0.001,FALSE,FALSE
14441,2013-05-15,"Total Phosphorus",0.001,0.012,TRUE,FALSE,"30 %","169.230769230769 %",0.001,FALSE,TRUE
14473,2013-06-04,"Total Phosphorus",0.026,0.028,FALSE,FALSE,"30 %","7.40740740740741 %",0.001,FALSE,FALSE
14720,2013-07-03,"Total Phosphorus",0.01,0.008,FALSE,FALSE,"30 %","22.2222222222222 %",0.001,FALSE,FALSE
14441,2013-07-08,"Total Phosphorus",0.249,0.219,FALSE,FALSE,"30 %","12.8205128205128 %",0.001,FALSE,FALSE
14319,2013-09-16,"Total Phosphorus",0.019,0.019,FALSE,FALSE,"30 %","0 %",0.001,FALSE,FALSE
16076,2013-09-18,"Total Phosphorus",0.017,0.018,FALSE,FALSE,"30 %","5.7142857142857 %",0.001,FALSE,FALSE
14441,2013-09-19,"Total Phosphorus",0.012,0.01,FALSE,FALSE,"30 %","18.1818181818182 %",0.001,FALSE,FALSE
15994,2013-09-26,"Total Phosphorus",0.02,0.025,FALSE,FALSE,"30 %","22.2222222222222 %",0.001,FALSE,FALSE
14298,2013-10-02,"Total Phosphorus",0.017,0.018,FALSE,FALSE,"30 %","5.7142857142857 %",0.001,FALSE,FALSE
14293,2013-10-03,"Total Phosphorus",0.027,0.027,FALSE,FALSE,"30 %","0 %",0.001,FALSE,FALSE
14363,2013-10-07,"Total Phosphorus",0.073,0.072,FALSE,FALSE,"30 %","1.37931034482759 %",0.001,FALSE,FALSE
15375,2013-10-09,"Total Phosphorus",0.017,0.015,FALSE,FALSE,"30 %","12.5 %",0.001,FALSE,FALSE
16137,2013-10-15,"Total Phosphorus",0.014,0.014,FALSE,FALSE,"30 %","0 %",0.001,FALSE,FALSE
16370,2013-10-15,"Total Phosphorus",0.015,0.012,FALSE,FALSE,"30 %","22.2222222222222 %",0.001,FALSE,FALSE
16044,2013-10-16,"Total Phosphorus",0.03,0.027,FALSE,FALSE,"30 %","10.5263157894737 %",0.001,FALSE,FALSE
16885,2014-06-10,"Total Phosphorus",0.018,0.018,FALSE,FALSE,"30 %","0 %",0.001,FALSE,FALSE
14199,2014-06-12,"Total Phosphorus",0.014,0.015,FALSE,FALSE,"30 %","6.89655172413793 %",0.001,FALSE,FALSE
14410,2014-06-17,"Total Phosphorus",0.022,0.024,FALSE,FALSE,"30 %","8.69565217391305 %",0.001,FALSE,FALSE
14442,2014-06-18,"Total Phosphorus",0.012,0.012,FALSE,FALSE,"30 %","0 %",0.001,FALSE,FALSE
15319,2014-06-25,"Total Phosphorus",0.025,0.025,FALSE,FALSE,"30 %","0 %",0.001,FALSE,FALSE
14589,2014-07-11,"Total Phosphorus",0.022,0.023,FALSE,FALSE,"30 %","4.44444444444445 %",0.001,FALSE,FALSE
14724,2014-07-16,"Total Phosphorus",0.02,0.011,FALSE,FALSE,"30 %","58.0645161290323 %",0.001,FALSE,TRUE
15179,2014-07-17,"Total Phosphorus",0.015,0.017,FALSE,FALSE,"30 %","12.5 %",0.001,FALSE,FALSE
14602,2014-07-18,"Total Phosphorus",0.021,0.019,FALSE,FALSE,"30 %","10 %",0.001,FALSE,FALSE
14599,2014-08-01,"Total Phosphorus",0.01,0.01,FALSE,FALSE,"30 %","0 %",0.001,FALSE,FALSE
16734,2014-08-08,"Total Phosphorus",0.015,0.012,FALSE,FALSE,"30 %","22.2222222222222 %",0.001,FALSE,FALSE
16212,2014-08-14,"Total Phosphorus",0.098,0.094,FALSE,FALSE,"30 %","4.16666666666667 %",0.001,FALSE,FALSE
18753,2014-08-21,"Total Phosphorus",0.065,0.031,FALSE,FALSE,"30 %","70.8333333333333 %",0.001,FALSE,TRUE
18755,2014-08-21,"Total Phosphorus",0.011,0.013,FALSE,FALSE,"30 %","16.6666666666667 %",0.001,FALSE,FALSE
17852,2014-08-27,"Total Phosphorus",0.011,0.022,FALSE,FALSE,"30 %","66.6666666666667 %",0.001,FALSE,TRUE
14582,2014-09-15,"Total Phosphorus",0.189,0.19,FALSE,FALSE,"30 %","0.527704485488127 %",0.001,FALSE,FALSE
14451,2014-09-18,"Total Phosphorus",0.106,0.104,FALSE,FALSE,"30 %","1.90476190476191 %",0.001,FALSE,FALSE
14341,2014-09-23,"Total Phosphorus",0.014,0.014,FALSE,FALSE,"30 %","0 %",0.001,FALSE,FALSE
14825,2014-09-23,"Total Phosphorus",0.021,0.021,FALSE,FALSE,"30 %","0 %",0.001,FALSE,FALSE
16370,2014-09-23,"Total Phosphorus",0.009,0.008,FALSE,FALSE,"30 %","11.7647058823529 %",0.001,FALSE,FALSE
16112,2014-10-02,"Total Phosphorus",0.014,0.019,FALSE,FALSE,"30 %","30.3030303030303 %",0.001,FALSE,TRUE
14581,2014-10-07,"Total Phosphorus",0.078,0.063,FALSE,FALSE,"30 %","21.2765957446808 %",0.001,FALSE,FALSE
15008,2014-10-07,"Total Phosphorus",0.018,0.019,FALSE,FALSE,"30 %","5.40540540540541 %",0.001,FALSE,FALSE
15720,2014-10-07,"Total Phosphorus",0.022,0.027,FALSE,FALSE,"30 %","20.4081632653061 %",0.001,FALSE,FALSE
14738,2014-10-09,"Total Phosphorus",0.012,0.022,FALSE,FALSE,"30 %","58.8235294117647 %",0.001,FALSE,TRUE
14879,2014-10-09,"Total Phosphorus",0.024,0.028,FALSE,FALSE,"30 %","15.3846153846154 %",0.001,FALSE,FALSE
15567,2014-10-09,"Total Phosphorus",0.02,0.019,FALSE,FALSE,"30 %","5.12820512820513 %",0.001,FALSE,FALSE
14599,2014-10-10,"Total Phosphorus",0.01,0.011,FALSE,FALSE,"30 %","9.52380952380952 %",0.001,FALSE,FALSE
15796,2015-06-03,"Total Phosphorus",0.04,0.033,FALSE,FALSE,"30 %","19.1780821917808 %",0.001,FALSE,FALSE
14404,2015-06-08,"Total Phosphorus",0.033,0.033,FALSE,FALSE,"30 %","0 %",0.001,FALSE,FALSE
14450,2015-06-08,"Total Phosphorus",0.033,0.033,FALSE,FALSE,"30 %","0 %",0.001,FALSE,FALSE
14410,2015-07-06,"Total Phosphorus",0.02,0.019,FALSE,FALSE,"30 %","5.12820512820513 %",0.001,FALSE,FALSE
17271,2015-07-17,"Total Phosphorus",0.014,0.016,FALSE,FALSE,"30 %","13.3333333333333 %",0.001,FALSE,FALSE
15703,2015-07-29,"Total Phosphorus",0.012,0.015,FALSE,FALSE,"30 %","22.2222222222222 %",0.001,FALSE,FALSE
14804,2015-08-28,"Total Phosphorus",0.055,0.062,FALSE,FALSE,"30 %","11.965811965812 %",0.001,FALSE,FALSE
18159,2015-09-14,"Total Phosphorus",0.027,0.026,FALSE,FALSE,"30 %","3.77358490566038 %",0.001,FALSE,FALSE
14441,2015-09-15,"Total Phosphorus",0.01,0.012,FALSE,FALSE,"30 %","18.1818181818182 %",0.001,FALSE,FALSE
16221,2015-09-15,"Total Phosphorus",0.027,0.021,FALSE,FALSE,"30 %","25 %",0.001,FALSE,FALSE
16124,2015-09-25,"Total Phosphorus",0.018,0.019,FALSE,FALSE,"30 %","5.40540540540541 %",0.001,FALSE,FALSE
15315,2015-10-01,"Total Phosphorus",0.019,0.017,FALSE,FALSE,"30 %","11.1111111111111 %",0.001,FALSE,FALSE
17295,2015-10-01,"Total Phosphorus",0.024,0.019,FALSE,FALSE,"30 %","23.2558139534884 %",0.001,FALSE,FALSE
14720,2015-10-05,"Total Phosphorus",0.012,0.011,FALSE,FALSE,"30 %","8.69565217391305 %",0.001,FALSE,FALSE
14863,2015-11-17,"Total Phosphorus",0.008,0.008,FALSE,FALSE,"30 %","0 %",0.001,FALSE,FALSE
